{"cameraMode":{"drawMode":0,"name":"Shaded","section":"Shading Mode"},"sceneLighting":false,"audioPlay":false,"sceneViewState":{"showFog":true,"showMaterialUpdate":false,"showSkybox":false,"showFlares":true,"showImageEffects":true,"showParticleSystems":true},"in2DMode":false,"pivot":{"x":-29.430871963500978,"y":3.071314811706543,"z":-1.0077276229858399},"rotation":{"x":0.1461576372385025,"y":0.2863798141479492,"z":-0.044251974672079089,"w":0.9458680748939514},"size":4.499618053436279,"orthographic":false}