{"cameraMode":{"drawMode":0,"name":"Shaded","section":"Shading Mode"},"sceneLighting":true,"audioPlay":false,"sceneViewState":{"showFog":true,"showMaterialUpdate":false,"showSkybox":true,"showFlares":true,"showImageEffects":true,"showParticleSystems":true},"in2DMode":false,"pivot":{"x":-40.049991607666019,"y":2.472507953643799,"z":0.0},"rotation":{"x":0.029995087534189225,"y":-0.005395767278969288,"z":0.00016192873590625823,"w":0.9995356202125549},"size":36.945796966552737,"orthographic":true}